model,epoch,train_MSE_centered,dev_MAE
Neurolab K=1,1,0.02633062742650509,0.20281654596328735
Neurolab K=1,2,0.017920112480719886,0.19691187143325806
Neurolab K=1,3,0.016986577704548835,0.197674959897995
Neurolab K=1,4,0.016229285672307015,0.19991010427474976
Neurolab K=1,5,0.015661256834864617,0.20423129200935364
Neurolab K=1,6,0.015096803364654382,0.20429246127605438
Neurolab K=1,7,0.01444974968334039,0.20816680788993835
Neurolab K=1,8,0.013687818047900995,0.20735172927379608
Neurolab K=1,9,0.013158023034532866,0.21317273378372192
Neurolab K=1,10,0.01262087707966566,0.21657375991344452
Neurolab K=5,1,0.023422190417846045,0.19956304132938385
Neurolab K=5,2,0.018341670463482538,0.19677740335464478
Neurolab K=5,3,0.017708447108666103,0.19241292774677277
Neurolab K=5,4,0.01712436929345131,0.1985897272825241
Neurolab K=5,5,0.016693707620104154,0.19827847182750702
Neurolab K=5,6,0.016077393626173338,0.1981804221868515
Neurolab K=5,7,0.01529584881166617,0.2035915106534958
Neurolab K=5,8,0.014767234186331432,0.20246970653533936
Neurolab K=5,9,0.014178942618270716,0.2094697207212448
Neurolab K=5,10,0.013477370704213778,0.21054121851921082
